coefficient,Estimate,Std.Error,AdjustedSE,zvalue,Pr(>|z|),mod_number,mod_names
(Intercept),0,0,0,NA,NA,2,DPSEA
DPSIRUSE,0.715432656414469,0.46227349897157566,0.4634709769540988,1.5436406851541082,0.1226754,2,DPSEA
DPSIRRESISTANCE,0.0262096548767861,0.3573216060199731,0.3594260674256439,0.07292085146887185,0.9418691,2,DPSEA
DPSIRDRI,0.4666084608702713,0.2863337626690303,0.29005171267204916,1.6087078285858922,0.1076802,2,DPSEA
MonitoringandSurveillance,-0.3295103193514644,0.13544716503032753,0.1368281916002741,2.408204884517412,0.0160312,2,DPSEA
General,-0.24612810815832234,0.10519858020899694,0.10650221618070485,2.3110139580636604,0.0208321,2,DPSEA
meantmpAreaPop,0.4381251223010217,0.13053402904813635,0.13180443535303546,3.324054468482131,8.872e-4,2,DPSEA
workTotal,0.35508946119416046,0.17595976597388377,0.17751436739190674,2.0003420929316267,0.0454633,2,DPSEA
DPSIRUSE:workTotal,-0.9678397448327607,0.31953117392049707,0.32419235365305143,2.9853873292413815,0.0028322,2,DPSEA
DPSIRRESISTANCE:workTotal,0.5661653194527013,0.3911240881533622,0.39661688466225775,1.4274866788256477,0.1534397,2,DPSEA
DPSIRDRI:workTotal,-0.1615872586062698,0.47636150333734545,0.483185584885515,0.33442069395459295,0.7380621,2,DPSEA
RESPONSE,-0.22079058639925328,0.12948155884715376,0.1307585396828786,1.6885366488087463,0.0913083,2,DPSEA
infTotal,-0.02928019425843451,0.13067560929656538,0.1321959040845782,0.2214909339377202,0.8247102,2,DPSEA
DPSIRUSE:infTotal,-0.08401547220649036,0.16138009024264893,0.16358397477429104,0.5135923144208517,0.6075371,2,DPSEA
DPSIRRESISTANCE:infTotal,-0.2039366440225139,0.15028366414981387,0.15243334508772513,1.337874228930348,0.1809374,2,DPSEA
DPSIRDRI:infTotal,0.026735149178008774,0.15731488580141129,0.15955229309679664,0.16756355335983286,0.8669266,2,DPSEA
sanTotal,-0.04058704573158601,0.12720626315720482,0.12840294253046472,0.3160912431734684,0.7519333,2,DPSEA
AwarenessandEducation,-0.13460155602010754,0.1438129115310954,0.1450958542176498,0.9276733421907397,0.353577,2,DPSEA
vacTotal,0.08762375804305049,0.1057550761064547,0.10715842451563501,0.8177029331955669,0.41352680000000003,2,DPSEA
x0008,0.13581511562666732,0.2036420954822666,0.20628158449774575,0.6583967054419805,0.5102833,2,DPSEA
DPSIRUSE:MonitoringandSurveillance,-0.9495810905724321,0.3975198814695564,0.40329133830453995,2.3545784408971584,0.0185437,2,DPSEA
DPSIRRESISTANCE:MonitoringandSurveillance,-0.23906406490047655,0.5737853920008331,0.5818455531202086,0.4108720323090382,0.6811664,2,DPSEA
DPSIRDRI:MonitoringandSurveillance,-1.082763373615688,0.5737306137977117,0.5819766153105889,1.860492922104507,0.0628158,2,DPSEA
gini,0.187531605847919,0.12122314022307636,0.12264250095599197,1.529091500793932,0.1262418,2,DPSEA
GDPcap_mean,-0.21816068392561896,0.08124078310520313,0.08244266291663624,2.6462110296730357,0.0081399,2,DPSEA
(Intercept),0,0,0,NA,NA,3,DPSEA.noDr
DPSIRUSE,0.47272147713865853,0.2657092545397283,0.26626667421597405,1.775368541822192,0.0758371,3,DPSEA.noDr
DPSIRRESISTANCE,0.1409093525997549,0.14071613229993526,0.14201897672424127,0.9921867897510561,0.3211064,3,DPSEA.noDr
DPSIRDRI,0.5069493256609616,0.23142477594396071,0.23222753191373097,2.1829854603513836,0.0290369,3,DPSEA.noDr
MonitoringandSurveillance,-0.2749417968671896,0.12076355834901692,0.12156191077097059,2.261742968035401,0.0237133,3,DPSEA.noDr
General,-0.2512243417812953,0.12626888180482101,0.1273124237528186,1.9732900715884252,0.0484625,3,DPSEA.noDr
RESPONSE,-0.15963601747253287,0.2053027718833787,0.2061670360643437,0.7743042754066235,0.4387509,3,DPSEA.noDr
DPSIRUSE:MonitoringandSurveillance,-1.1048909416863941,0.34254478024362683,0.34632031746215325,3.1903728599669563,0.0014209,3,DPSEA.noDr
DPSIRRESISTANCE:MonitoringandSurveillance,-0.2614930513578537,0.4142099536510619,0.4187753862207289,0.6244231632563655,0.5323497,3,DPSEA.noDr
DPSIRDRI:MonitoringandSurveillance,-0.8953973804912718,0.4299415214319063,0.4346803477389413,2.059898463661454,0.0394082,3,DPSEA.noDr
meantmpAreaPop,0.24372805798873703,0.0900496510079895,0.09090387846851837,2.6811623672706593,0.0073367,3,DPSEA.noDr
AwarenessandEducation,-0.1420334190421416,0.13943016069493544,0.1403515915178243,1.0119829601227122,0.3115462,3,DPSEA.noDr
x0008,0.09366445594725363,0.1688527425996601,0.17068055327059992,0.5487705198538722,0.5831629,3,DPSEA.noDr
(Intercept),0,0,0,NA,NA,4,aP.noDr
DPSIRUSE,0.4502257055832846,0.23553066963333033,0.23616687354767174,1.9063880501953792,0.0565999,4,aP.noDr
DPSIRRESISTANCE,0.11879268626372165,0.13265456670288853,0.1340743042862473,0.8860212767548691,0.3756061,4,aP.noDr
DPSIRDRI,0.49107433352796204,0.2070210960697414,0.20789616907762631,2.3621134324250095,0.0181711,4,aP.noDr
MonitoringandSurveillance,-0.2842216771904605,0.11737216558337542,0.11827613025238175,2.4030349706570404,0.0162596,4,aP.noDr
General,-0.24475054003512756,0.10468349646462086,0.10560927108554616,2.317509982971793,0.020476,4,aP.noDr
RESPONSE,-0.19981997916210992,0.13424923036536537,0.13517404767499677,1.4782421818317033,0.139343,4,aP.noDr
meantmpAreaPop,0.27181710724484154,0.08461575384877454,0.08557374599398315,3.1764077181330066,0.0014911,4,aP.noDr
DPSIRUSE:MonitoringandSurveillance,-1.0867197068641543,0.35402706637763004,0.3581546804367173,3.0342189177565917,0.0024116,4,aP.noDr
DPSIRRESISTANCE:MonitoringandSurveillance,-0.18738277996705308,0.4486225458546833,0.4538530519468873,0.4128710364802874,0.6797011,4,aP.noDr
DPSIRDRI:MonitoringandSurveillance,-0.87911964693399125,0.4433977344393415,0.44856732427089147,1.9598388009267649,0.0500146,4,aP.noDr
AwarenessandEducation,-0.14360096099812691,0.14304268536933376,0.1439604312435697,0.9975029927158624,0.3185204,4,aP.noDr
x0008,0.08752366587873003,0.17174634553253126,0.17371089568874692,0.5038467249374724,0.6143691,4,aP.noDr
(Intercept),0,0,0,NA,NA,5,aS.noDr
DPSIRUSE,0.3523582984528773,0.10125336975026282,0.10237108560548928,3.4419709077890577,5.775e-4,5,aS.noDr
DPSIRRESISTANCE,0.12736906095662426,0.13912075204726823,0.14018774558026004,0.9085605908663618,0.3635821,5,aS.noDr
DPSIRDRI,0.48008346820171605,0.11192864566834455,0.11300611594896347,4.248296334850888,2.15e-5,5,aS.noDr
General,-0.28364112312182294,0.1318786926235755,0.1332162337269139,2.12917836803037,0.0332395,5,aS.noDr
MonitoringandSurveillance,-0.211070975244674,0.11302443659699918,0.11421581152029818,1.8480013619407059,0.0646021,5,aS.noDr
RESPONSE,-0.14139096305529317,0.20862728058241928,0.20978980475800324,0.6739648917562533,0.5003336,5,aS.noDr
x0008,0.2872952778798335,0.19310701008936115,0.19535290905447866,1.470647554061837,0.1413865,5,aS.noDr
AwarenessandEducation,-0.1102823025161188,0.16582858189780403,0.16685113224751927,0.6609622663663912,0.5086365,5,aS.noDr
GDPcap_mean,-0.23464388007409495,0.09866383735168865,0.0998483926859597,2.350001575008725,0.0187733,5,aS.noDr
(Intercept),0,0,0,NA,NA,6,aE.noDr
DPSIRUSE,0.34227681276554145,0.10412865227071154,0.1053725621941307,3.2482536785520666,0.0011612,6,aE.noDr
DPSIRRESISTANCE,0.09988897868970058,0.13431624996228922,0.13552397975720093,0.7370575957749874,0.4610873,6,aE.noDr
DPSIRDRI,0.469872126232616,0.11299573686441965,0.11420670580396841,4.114225368159503,3.88e-5,6,aE.noDr
General,-0.28293944161561024,0.13614137357547687,0.137616390382872,2.0560010390363024,0.0397824,6,aE.noDr
MonitoringandSurveillance,-0.21637446373616626,0.11723484207528692,0.11859367224467862,1.824502603222788,0.0680761,6,aE.noDr
RESPONSE,-0.1379563804356537,0.21108001221519646,0.2123908034427209,0.6495402729283369,0.5159892,6,aE.noDr
x0008,0.26879135622148453,0.19784796181035963,0.20030693615539893,1.3418973969675974,0.1796293,6,aE.noDr
AwarenessandEducation,-0.10407169440737869,0.16510187143819963,0.1662986881645609,0.6258118783498432,0.5314383,6,aE.noDr
meantmpAreaPop,0.18978195904182862,0.10110465586529703,0.10236744383196039,1.853928865835139,0.0637493,6,aE.noDr
GDPcap_mean,-0.24687488525404072,0.10256173445915838,0.10387100756432349,2.376744878508666,0.0174662,6,aE.noDr
(Intercept),0,0,0,NA,NA,7,aP
DPSIRUSE,0.6202932916320206,0.40359525978719557,0.40476741550179807,1.5324684445338341,0.1254069,7,aP
DPSIRRESISTANCE,-0.06966717440312392,0.5285723101409912,0.529966369166374,0.13145584032569638,0.8954147,7,aP
DPSIRDRI,0.41689162738845803,0.25037942446715084,0.25382064929300024,1.6424653728909788,0.1004936,7,aP
workTotal,0.14059320913358614,0.1626489553182538,0.16441295316856847,0.8551224609987965,0.3924834,7,aP
DPSIRUSE:workTotal,-0.9449594606174027,0.3315004784164263,0.33652759608201077,2.807970198043191,0.0049855,7,aP
DPSIRRESISTANCE:workTotal,1.1581810815224984,0.43785344965960515,0.44449338219374723,2.6056205287161434,0.0091708,7,aP
DPSIRDRI:workTotal,0.03471954090355358,0.48639408570243364,0.49377012422989225,0.07031519162424793,0.9439428,7,aP
MonitoringandSurveillance,-0.3137921279148947,0.1286603988241051,0.1300543708258817,2.412776486651135,0.0158315,7,aP
infTotal,-0.05615418987869332,0.12511960883845621,0.12666998255931217,0.4433109466356766,0.6575408,7,aP
meantmpAreaPop,0.3413077268919892,0.12312998656311865,0.12438022892636784,2.7440673637450916,0.0060683,7,aP
RESPONSE,-0.21308273473744033,0.1377624655258415,0.13937316570448557,1.528864854725636,0.126298,7,aP
General,-0.22913953189451555,0.12152481697884865,0.12309039799662062,1.8615548866842273,0.0626659,7,aP
DPSIRUSE:infTotal,-0.07324567068940509,0.16187042693390005,0.1643251494328308,0.4457362183586197,0.6557878,7,aP
DPSIRRESISTANCE:infTotal,-0.19853367428974925,0.1611993490605782,0.16364389483986114,1.213205506285649,0.2250513,7,aP
DPSIRDRI:infTotal,0.047966081698925064,0.16124153931825208,0.16368672490170869,0.2930358691441102,0.7694947,7,aP
sanTotal,0.028298080402651374,0.1108525454251801,0.11244574475797141,0.25165986017132314,0.801304,7,aP
AwarenessandEducation,-0.13171865769447139,0.15196109271677669,0.15349342349666723,0.8581387703384658,0.3908158,7,aP
vacTotal,0.09093439431813644,0.10969449813522293,0.1113027661554946,0.817000308789247,0.4139283,7,aP
x0008,0.12946470500386936,0.1987242848785709,0.2016386117219122,0.6420630646992317,0.5208322,7,aP
gini,0.21946275791868883,0.10630511857329647,0.10785881174927077,2.034722563315951,0.0418788,7,aP
DPSIRUSE:MonitoringandSurveillance,-0.9227876433041892,0.4044922471950513,0.4106262658582516,2.2472689158728483,0.0246228,7,aP
DPSIRRESISTANCE:MonitoringandSurveillance,-0.1708121267373862,0.579661510935299,0.5884519254638164,0.29027371539782537,0.7716068,7,aP
DPSIRDRI:MonitoringandSurveillance,-1.0851195520550383,0.5791941610989879,0.5879774883900167,1.8455120705833175,0.0649631,7,aP
(Intercept),0,0,0,NA,NA,8,aS
DPSIRUSE,0.3678530440477046,0.12545951634659164,0.12734933177686186,2.8885353296729264,0.0038704,8,aS
DPSIRRESISTANCE,0.21334522729248506,0.17842747503647277,0.18013012113886254,1.1843950692067595,0.2362567,8,aS
DPSIRDRI,0.4550535666410557,0.13840197457359008,0.1402286521864556,3.245082652837537,0.0011742,8,aS
infTotal,-7.37655651036141e-4,0.16257223257126993,0.16455779553715416,0.004482653943122323,0.9964234,8,aS
DPSIRUSE:infTotal,-0.07200477853397906,0.18817267152513764,0.191344124932287,0.37631037043577986,0.7066862,8,aS
DPSIRRESISTANCE:infTotal,-0.25019301195694055,0.1884332978214486,0.19160914381200944,1.3057467247095922,0.1916387,8,aS
DPSIRDRI:infTotal,0.026812994586760047,0.18643996361774978,0.18958221404684744,0.14143201524239146,0.8875287,8,aS
workTotal,0.2698752791511443,0.12842671828937124,0.13007875437574987,2.0747068223883316,0.0380137,8,aS
MonitoringandSurveillance,-0.22976106223659348,0.13365649804739013,0.13537740280025543,1.6971891725208956,0.0896609,8,aS
sanTotal,0.11693629018175417,0.1313759974218985,0.13336106921480623,0.8768397769322284,0.3805737,8,aS
x0008,0.3400906966495788,0.2442462172198705,0.2473187779361498,1.3751106951425254,0.1690971,8,aS
General,-0.2406720677816439,0.14085968262000248,0.14288012276740386,1.6844335175539893,0.0920979,8,aS
RESPONSE,-0.1506598894201207,0.1673467074822495,0.16922804193112884,0.8902773305232424,0.373317,8,aS
vacTotal,0.08005927979950984,0.1298006532362965,0.13173456598002461,0.6077317612421445,0.5433654,8,aS
AwarenessandEducation,-0.06463461804540523,0.15748048494967215,0.15929905610373032,0.4057438859105184,0.6849308,8,aS
meantmpAreaPop,0.2744064144523391,0.12321358006116659,0.12480783663875246,2.198631286644197,0.0279042,8,aS
GDPcap_mean,-0.3854714187478411,0.16094293517854752,0.1629135818500507,2.3661097765478973,0.0179761,8,aS
gini,0.13864081546820017,0.12893203571190975,0.13071114349509805,1.0606656155020135,0.2888419,8,aS
(Intercept),0,0,0,NA,NA,9,aE
DPSIRUSE,0.37132287323964713,0.15843851827554842,0.16063325329807,2.3116189557004296,0.0207987,9,aE
DPSIRRESISTANCE,0.17935554743523097,0.2400228742464472,0.24173260165536717,0.7419584541225193,0.4581125,9,aE
DPSIRDRI,0.45062089052897036,0.1574111963412222,0.15976003104575706,2.820610934908416,0.0047932,9,aE
workTotal,0.27848419605868113,0.1269443557223536,0.1288500262717603,2.161304922602998,0.0306718,9,aE
infTotal,-0.019994053404849794,0.1766466399033941,0.17863289646275923,0.1119281711306634,0.9108804,9,aE
MonitoringandSurveillance,-0.22794548492594882,0.1329540713759997,0.13486574398442028,1.6901659249533458,0.0909962,9,aE
DPSIRUSE:infTotal,-0.07651833309659113,0.19523856994523145,0.19872318728128838,0.38504984820055793,0.7002005,9,aE
DPSIRRESISTANCE:infTotal,-0.2580474746571343,0.20146741911497418,0.20506320892994578,1.2583801648460944,0.2082543,9,aE
DPSIRDRI:infTotal,0.022986332433581554,0.1929252032377749,0.19636853161266127,0.11705710810590725,0.9068148,9,aE
sanTotal,0.10632867086723075,0.1396294128693331,0.14173380669355795,0.7501997818849493,0.4531344,9,aE
General,-0.2667421804341668,0.15161342113728385,0.15380004301596623,1.7343439910902747,0.0828571,9,aE
RESPONSE,-0.16662949395537763,0.1732727085304054,0.17536251370927708,0.950200190626958,0.3420105,9,aE
x0008,0.30177448479711483,0.2633143692004732,0.2661701101727634,1.1337654877974153,0.2568929,9,aE
vacTotal,0.07642731847575826,0.1338818238625958,0.13597241920140424,0.5620795667579691,0.5740618,9,aE
meantmpAreaPop,0.26464786991840356,0.11870011370580645,0.12047350418362922,2.196730905370027,0.0280397,9,aE
AwarenessandEducation,-0.07004149271290983,0.16643234416275507,0.16836033963832997,0.41602133176597456,0.6773944,9,aE
DPSIRUSE:workTotal,-0.5604087625557965,0.5811331484919863,0.5915052109607934,0.9474282764906055,0.3434206,9,aE
DPSIRRESISTANCE:workTotal,1.2292577438528527,0.5648319741059538,0.574913093269452,2.1381627210162018,0.0325035,9,aE
DPSIRDRI:workTotal,-0.006275238879001873,0.6105044739852316,0.621400755772104,0.010098537571304933,0.9919427,9,aE
GDPcap_mean,-0.40654572950099566,0.17255733053658462,0.17477353946128413,2.326128604788334,0.0200117,9,aE
gini,0.17224761411582118,0.1362022375872369,0.13810935298775306,1.2471828329475654,0.2123305,9,aE
(Intercept),0,0,0,NA,NA,10,Dr
x0008,2.266155298882852,0.47902640610207897,0.48322572242902917,4.689641287081277,2.74e-6,10,Dr
RESPONSE,-0.16940045979830826,0.07207370316470033,0.07273551664693154,2.3289923218749102,0.01985947,10,Dr
MonitoringandSurveillance,-0.15486516742598325,0.0740934979778953,0.07477385813360128,2.0711137728011813,0.03834817,10,Dr
AwarenessandEducation,-0.11865065258121629,0.07277886064152755,0.07344714920003165,1.615456200458835,0.10621194,10,Dr
(Intercept),0,0,0,NA,NA,11,P
MonitoringandSurveillance,-0.3599779526126339,0.1361560424797362,0.13773593328010855,2.6135369619237983,0.008961,11,P
meantmpAreaPop,0.39767040178779484,0.11275161912034076,0.11435275325297556,3.4775761009273918,5.06e-4,11,P
infTotal,-0.12080886807200397,0.118528429181451,0.12010599804285933,1.0058520810000997,0.3144867,11,P
workTotal,-0.2888921823435362,0.1587714354344462,0.16023435556061724,1.802935340132143,0.0713984,11,P
General,-0.1643129798287809,0.13377997061251937,0.13541328915218342,1.2134184233876686,0.2249699,11,P
RESPONSE,-0.06926210033531052,0.18981379576453397,0.19134093672786617,0.3619826552527975,0.717365,11,P
sanTotal,-0.04189744179933166,0.11938016205571306,0.12099689408933527,0.3462687378437801,0.7291408,11,P
AwarenessandEducation,-0.13806454632519397,0.14252184188622116,0.144126854901559,0.9579376891245862,0.3380942,11,P
vacTotal,-0.04810409496666142,0.10883183725034681,0.11042582847205212,0.43562358220238456,0.6631099,11,P
gini,0.26832193777718194,0.141874688236945,0.1434077335667683,1.871042314829246,0.0613392,11,P
x0008,-7.595001184739676e-4,0.10329894549184993,0.10490579355625965,0.007239830067789891,0.9942235,11,P
prod.per.area,0.25167943390228836,0.10097668600319486,0.10257026138618613,2.4537271378756946,0.0141384,11,P
(Intercept),0,0,0,NA,NA,12,S
meantmpAreaPop,0.4660561065862858,0.1603580743404489,0.16361496627649794,2.848493125003512,0.0043927,12,S
workTotal,0.28035798945821055,0.15914609094625867,0.16209957920217313,1.729541747351137,0.0837122,12,S
x0008,-0.46841143351023334,0.1414639397946545,0.1445068674022122,3.2414475653014025,0.0011892,12,S
infTotal,-0.14543585094784695,0.18856857857451384,0.19181421127925244,0.7582120739537613,0.448324,12,S
MonitoringandSurveillance,-0.2361774512507817,0.1730590871658174,0.17681961903459334,1.3356970936837924,0.1816483,12,S
sanTotal,0.07391852736804538,0.16618311636965064,0.1699103921200121,0.4350441809105756,0.6635304,12,S
gini,0.39801755672942274,0.21613033789257935,0.2206951523977396,1.8034721306977801,0.0713141,12,S
General,-0.23340500955514892,0.21179514945644906,0.2159581635153026,1.0807880830057628,0.2797914,12,S
GDPcap_mean,-0.505256310723557,0.18659361358757226,0.19115752529401603,2.6431410950023086,0.0082141,12,S
RESPONSE,-0.10068428447269481,0.23553369996984092,0.2394475541075739,0.4204857504097182,0.6741306,12,S
vacTotal,0.07459968833204501,0.16323032387423445,0.16681775524368297,0.44719273570772944,0.6547359,12,S
AwarenessandEducation,0.0477460380176931,0.2333375005436876,0.23692130974389708,0.20152698830385815,0.8402865,12,S
(Intercept),0,0,0,NA,NA,13,E
meantmpAreaPop,0.7657399849443635,0.17962065862338827,0.1943865195183193,3.939264856646599,8.17e-5,13,E
RESPONSE,-0.6055612540841618,0.15154514260531513,0.16713771163397265,3.623127588406413,2.911e-4,13,E
workTotal,0.4396961392115801,0.14576684352778016,0.160284936253086,2.743215610213742,0.0060841,13,E
x0008,-0.19255587738909702,0.5992247572791733,0.6117141575623107,0.3147808089916291,0.7529281,13,E
General,-0.5273869173336643,0.2485086058924649,0.2680603375857006,1.967418686716588,0.049135,13,E
MonitoringandSurveillance,-0.39481152593120544,0.314861392731596,0.3314177816759277,1.191280455546789,0.2335435,13,E
AwarenessandEducation,-0.4348544183520239,0.24682440033536387,0.2652661054462757,1.6393139169455437,0.1011479,13,E
sanTotal,0.26007781014058434,0.1711799219193063,0.19000462293749124,1.3687972751386484,0.1710627,13,E
infTotal,-0.34753948751923647,0.21282676900127911,0.23636327666893184,1.4703616078483561,0.1414638,13,E
gini,-0.26267541108841386,0.24791222505243551,0.27545142863007577,0.9536178933425691,0.3402771,13,E
GDPcap_mean,-0.2473220139956688,0.3362073173894653,0.3522292450695416,0.7021620647849366,0.4825781,13,E
prod.per.area,0.13073506527792747,0.1880770380518051,0.2089948475504216,0.6255420495301284,0.5316154,13,E
vacTotal,-0.08382477935016784,0.18110884986746287,0.20093150413896677,0.41718086822359907,0.6765461,13,E
PopDensity,0.008680826351145919,0.1979045444236971,0.21991193594326697,0.03947410273076494,0.9685124,13,E
(Intercept),0,0,0,NA,NA,14,DPS
DPSIRUSE,0.6961840675320131,0.4616702922031323,0.46320649475587555,1.5029669821424332,0.1328476,14,DPS
DPSIRRESISTANCE,-0.009806598628661962,0.42590015909629164,0.4282036910865373,0.02290171437751598,0.9817287,14,DPS
workTotal,0.11440489671424091,0.15615187386336815,0.15845836480572792,0.7219871090712241,0.4703024,14,DPS
DPSIRUSE:workTotal,-1.0235179209819705,0.35391955758689186,0.3600553684494601,2.8426681301535393,0.0044738,14,DPS
DPSIRRESISTANCE:workTotal,0.8092671406368097,0.42748888778849886,0.43490015089925793,1.8608113585692263,0.0627708,14,DPS
MonitoringandSurveillance,-0.2668351298254093,0.1313715955979564,0.13303910707982963,2.005689422323737,0.0448894,14,DPS
infTotal,-0.05036205764081289,0.13094968327713308,0.1328400177718989,0.3791181188133394,0.7046002,14,DPS
RESPONSE,-0.17195932167221037,0.13169659825906282,0.13360527920200763,1.2870698126547264,0.19807,14,DPS
DPSIRUSE:infTotal,-0.07667192235901804,0.18094122866698284,0.1840781594540551,0.4165183017171298,0.6770308,14,DPS
DPSIRRESISTANCE:infTotal,-0.20300517218218514,0.17130896144955718,0.1742789001375581,1.1648293168131854,0.2440881,14,DPS
General,-0.19176547083762638,0.12086971715183062,0.1227678790449629,1.5620166474277328,0.1182841,14,DPS
meantmpAreaPop,0.30410986220912195,0.1282377681935209,0.12981386536712491,2.342660865609947,0.0191468,14,DPS
vacTotal,0.14250605278644551,0.10835099730926624,0.11017962874403385,1.2933974674893076,0.1958736,14,DPS
sanTotal,-0.01792212750711517,0.1140811481709017,0.1159604653170419,0.15455377363410147,0.8771731,14,DPS
AwarenessandEducation,-0.128620638479138,0.13347117270474737,0.13530137638408343,0.9506232820131802,0.3417956,14,DPS
DPSIRUSE:MonitoringandSurveillance,-0.9942682745211473,0.44829040867009456,0.45606230231128675,2.180115018238246,0.0292489,14,DPS
DPSIRRESISTANCE:MonitoringandSurveillance,-0.19198116252703026,0.6302358120987425,0.6411620456423792,0.29942689813256906,0.7646143,14,DPS
x0008,0.014325731617387575,0.24178404961579433,0.24588044564932945,0.05826299679730812,0.9535391,14,DPS
gini,0.200574817043315,0.10958191518021625,0.11142431997102675,1.8000990905349006,0.071845,14,DPS
(Intercept),0,0,0,NA,NA,15,PSE
meantmpAreaPop,0.5415616819204597,0.1584216322572336,0.16042312389755073,3.375833039296201,7.359e-4,15,PSE
MonitoringandSurveillance,-0.38876202695922873,0.16917728696028173,0.17156317119405842,2.26599930657316,0.0234514,15,PSE
RESPONSE,-0.21907464968973953,0.1895475379908321,0.19162505378747957,1.1432463832871391,0.2529363,15,PSE
workTotal,0.340936011914289,0.15733188671317672,0.15972063461192945,2.1345771179951516,0.0327956,15,PSE
General,-0.28329756699974445,0.1339656717728073,0.13639582683433674,2.07702518159761,0.0377992,15,PSE
infTotal,-0.11001168446253137,0.14432596660727548,0.1466386222388715,0.7502231184586858,0.4531203,15,PSE
AwarenessandEducation,-0.17332736655240996,0.16445730426494057,0.1666290908329839,1.0401987173184537,0.2982476,15,PSE
sanTotal,-0.010475695759795015,0.14868250588386647,0.15112611214468244,0.06931757597102729,0.9447368,15,PSE
DPSIRRESISTANCE,-0.2319377336043096,0.3401931057526918,0.34139058286783996,0.679391129233632,0.4968901,15,PSE
DPSIRDRI,0.10483940951058893,0.1915125494751239,0.19403501908660958,0.5403117952836789,0.588982,15,PSE
vacTotal,0.05897846632618434,0.1307082743874125,0.1333746908481584,0.4422013348344245,0.6583435,15,PSE
x0008,0.12140715005701705,0.1231756908884383,0.12543410908077718,0.9678958215331458,0.3330964,15,PSE
gini,0.291787389166764,0.17650928452130615,0.17881640227072568,1.6317708300886276,0.1027278,15,PSE
DPSIRRESISTANCE:workTotal,1.7282834789253103,0.4581605182085566,0.4680956485732578,3.6921588230804305,2.224e-4,15,PSE
DPSIRDRI:workTotal,0.6824650493099154,0.5541672471997524,0.5661842666197254,1.2053762168002617,0.2280581,15,PSE
(Intercept),0,0,0,NA,NA,16,DP
DPSIRUSE,1.1690435712606897,0.7569494718739983,0.7601736648856733,1.5378638135754263,0.1240819,16,DP
MonitoringandSurveillance,-0.1515571018472864,0.18479676823439115,0.18701326714484842,0.8104082890006945,0.4177056,16,DP
DPSIRUSE:MonitoringandSurveillance,-1.2090325401433546,0.39962123313317904,0.40952939723887366,2.952248479095483,0.0031547,16,DP
meantmpAreaPop,-0.00458379883182375,0.16463704823561034,0.16708062821470873,0.02743465164575088,0.9781131,16,DP
DPSIRUSE:meantmpAreaPop,0.8970299284655675,0.21663130531648905,0.22200243764266173,4.040630985815748,5.33e-5,16,DP
workTotal,0.08350147207249667,0.16481630568164293,0.16776686620465012,0.49772326301093056,0.6186791,16,DP
DPSIRUSE:workTotal,-1.2443271771372941,0.36574722439192026,0.37481552011801283,3.3198389883788977,9.007e-4,16,DP
infTotal,-0.0674135800921399,0.10597564357607009,0.10860319181600149,0.6207329542059301,0.5347753,16,DP
RESPONSE,-0.15365816644572028,0.1756598449583134,0.17787289667121006,0.8638649806763443,0.3876621,16,DP
sanTotal,-0.024197950248072586,0.10473198751489021,0.1073287006857023,0.22545647243911987,0.8216242,16,DP
vacTotal,0.08445098598979459,0.10356884414037,0.10613671846460018,0.7956811479710629,0.4262174,16,DP
AwarenessandEducation,-0.14488201779739507,0.16531656120500826,0.16754629403443963,0.8647282748469157,0.3871879,16,DP
x0008,0.046876835225793716,0.13308686903732034,0.13638660996548918,0.34370555318924106,0.7310677,16,DP
(Intercept),0,0,0,NA,NA,17,PS
meantmpAreaPop,0.4964391028342661,0.15575838871497005,0.15929677939008502,3.1164415547824036,0.0018305,17,PS
MonitoringandSurveillance,-0.39376181415496364,0.17359726722344437,0.17745664651510154,2.218918377461024,0.0264923,17,PS
infTotal,-0.12806566662970234,0.15525024031469167,0.1591082703773421,0.8048963534452425,0.4208795,17,PS
DPSIRRESISTANCE,-0.5409905713788214,0.715545603678481,0.7184324803035472,0.7530151910033992,0.4514408,17,PS
workTotal,0.056868399578649864,0.34339989183433683,0.34574845441776236,0.16447911437352858,0.869354,17,PS
DPSIRRESISTANCE:workTotal,1.7507306580842101,0.4976238241379438,0.5120267985559004,3.419216851582573,6.28e-4,17,PS
General,-0.22746704947752475,0.17621671372466738,0.18032254354604044,1.2614454355200866,0.2071484,17,PS
sanTotal,-0.054294879419532496,0.1586952458356787,0.16265384263694896,0.3338063124688743,0.7385257,17,PS
RESPONSE,-0.1075577238271944,0.2434432909412004,0.24719365197779067,0.4351152344189568,0.6634788,17,PS
vacTotal,0.10543524081087086,0.1434586825902431,0.1474901360989102,0.714862997618794,0.4746937,17,PS
AwarenessandEducation,-0.13438736297202408,0.18347839413008687,0.1872235549545354,0.7177908944451896,0.4728862,17,PS
gini,0.32961068982814723,0.17552838620799197,0.17920293139984603,1.8393152793505612,0.0658688,17,PS
DPSIRRESISTANCE:infTotal,-0.15426463202756938,0.2131602561865595,0.21932985974623356,0.7033453274718491,0.4818406,17,PS
x0008,0.0628380225577998,0.21379247150019495,0.2172803582046486,0.28920249891439753,0.7724264,17,PS
DPSIRRESISTANCE:MonitoringandSurveillance,0.684147399629136,0.7345071825461853,0.7557663900978829,0.9052366029938547,0.3653401,17,PS
(Intercept),0,0,0,NA,NA,18,SE
workTotal,0.47896398101057147,0.18763798690401465,0.19331964165969906,2.4775753611921787,0.0132278,18,SE
x0008,0.3860477685328122,0.16279575633796695,0.16854500298892222,2.290472940085833,0.0219939,18,SE
meantmpAreaPop,0.521235248821683,0.1613487566055735,0.16694468104631774,3.12220338830124,0.001795,18,SE
DPSIRDRI,0.2550359629828322,0.5195007459307277,0.5311970393131857,0.4801155580847785,0.6311452,18,SE
infTotal,-0.11569935360706195,0.2497503614697541,0.2556556150616754,0.4525594072289403,0.650866,18,SE
DPSIRDRI:infTotal,0.274290051575234,0.22622997304710804,0.23541201555076063,1.1651489025890027,0.2439587,18,SE
GDPcap_mean,-0.6294967671297907,0.23739859954736414,0.24368596321594593,2.5832294926727184,0.009788,18,SE
RESPONSE,-0.21743426817915767,0.24863662524096794,0.2556369148102375,0.8505589591415695,0.3950144,18,SE
MonitoringandSurveillance,-0.2767230890419773,0.20219415628666973,0.20892309971587006,1.3245212684395045,0.18533,18,SE
sanTotal,0.08440069118363315,0.23331085350888922,0.23987767292782003,0.35184888261372116,0.7249516,18,SE
General,-0.33761472450841856,0.23644009902200813,0.24423134121804985,1.3823562644525462,0.1668623,18,SE
vacTotal,0.1278712391238718,0.21351888338314312,0.22057207963758013,0.5797254091903916,0.5620998,18,SE
AwarenessandEducation,-0.10756454288105434,0.23467081431480927,0.24103486090287798,0.44626135189795696,0.6554085,18,SE
DPSIRDRI:workTotal,-0.9377146521874975,0.6610520311761562,0.6878822860960974,1.3631905794656536,0.1728225,18,SE
DPSIRDRI:sanTotal,2.0792674675666643,2.7339501168057367,2.844913513199498,0.7308719431784205,0.4648574,18,SE
DPSIRDRI:MonitoringandSurveillance,-1.0396517478750325,0.8081251676341129,0.8409247102302776,1.2363196552879696,0.2163398,18,SE
DPSIRDRI:vacTotal,-2.57016790991173,1.8338708891686162,1.9083025845967505,1.3468345799336852,0.1780335,18,SE
gini,0.25524957231351864,0.2197717434911362,0.22660122150136275,1.126426285888241,0.2599851,18,SE
DPSIRDRI:RESPONSE,-0.6098543315005147,0.5029280183287704,0.523340461376761,1.1653108760139816,0.2438932,18,SE
